id,name,created_at,updated_at
1,Brittany Klocko,2022-10-24 01:35:44 UTC,2022-10-24 01:35:44 UTC
2,Newton Hand,2022-10-24 01:35:44 UTC,2022-10-24 01:35:44 UTC
3,Mathew Schumm,2022-10-24 01:35:44 UTC,2022-10-24 01:35:44 UTC
4,Alec Leuschke,2022-10-24 01:35:44 UTC,2022-10-24 01:35:44 UTC
5,Lyda Hessel,2022-10-24 01:35:44 UTC,2022-10-24 01:35:44 UTC
6,Anglea Welch,2022-10-24 01:35:44 UTC,2022-10-24 01:35:44 UTC
7,Eugenia Pagac,2022-10-24 01:35:44 UTC,2022-10-24 01:35:44 UTC
8,Ms. Meryl Hermann,2022-10-24 01:35:44 UTC,2022-10-24 01:35:44 UTC
9,Ahmad Langworth DDS,2022-10-24 01:35:44 UTC,2022-10-24 01:35:44 UTC
10,Reed Windler Esq.,2022-10-24 01:35:44 UTC,2022-10-24 01:35:44 UTC
11,Terrence Towne,2022-10-24 01:35:44 UTC,2022-10-24 01:35:44 UTC
12,Jacinto Fadel II,2022-10-24 01:35:44 UTC,2022-10-24 01:35:44 UTC
13,Rodrick Marquardt,2022-10-24 01:35:44 UTC,2022-10-24 01:35:44 UTC
14,Barbar Sanford,2022-10-24 01:35:44 UTC,2022-10-24 01:35:44 UTC
15,Chas Schneider,2022-10-24 01:35:44 UTC,2022-10-24 01:35:44 UTC
16,Aleida Renner,2022-10-24 01:35:44 UTC,2022-10-24 01:35:44 UTC
17,Gov. Sterling Grimes,2022-10-24 01:35:44 UTC,2022-10-24 01:35:44 UTC
18,Shannon Kuhn,2022-10-24 01:35:44 UTC,2022-10-24 01:35:44 UTC
19,Ann Powlowski Esq.,2022-10-24 01:35:44 UTC,2022-10-24 01:35:44 UTC
20,Mason Durgan Esq.,2022-10-24 01:35:44 UTC,2022-10-24 01:35:44 UTC
21,Marguerite Little,2022-10-24 01:35:44 UTC,2022-10-24 01:35:44 UTC
22,Daniella Miller,2022-10-24 01:35:44 UTC,2022-10-24 01:35:44 UTC
23,Amb. Dani Kuhn,2022-10-24 01:35:44 UTC,2022-10-24 01:35:44 UTC
24,Miss Gonzalo Stoltenberg,2022-10-24 01:35:44 UTC,2022-10-24 01:35:44 UTC
25,Doria Balistreri,2022-10-24 01:35:44 UTC,2022-10-24 01:35:44 UTC
26,Jame Hessel,2022-10-24 01:35:44 UTC,2022-10-24 01:35:44 UTC
27,Markus Beer,2022-10-24 01:35:44 UTC,2022-10-24 01:35:44 UTC
28,Farah Welch,2022-10-24 01:35:44 UTC,2022-10-24 01:35:44 UTC
29,Miss Christia Wintheiser,2022-10-24 01:35:44 UTC,2022-10-24 01:35:44 UTC
30,Chassidy Wuckert,2022-10-24 01:35:44 UTC,2022-10-24 01:35:44 UTC
31,Franklin Brekke,2022-10-24 01:35:44 UTC,2022-10-24 01:35:44 UTC
32,Silvia Waters,2022-10-24 01:35:44 UTC,2022-10-24 01:35:44 UTC
33,Sen. Cody Bruen,2022-10-24 01:35:44 UTC,2022-10-24 01:35:44 UTC
34,Jan Koepp,2022-10-24 01:35:44 UTC,2022-10-24 01:35:44 UTC
35,Clark Hudson,2022-10-24 01:35:44 UTC,2022-10-24 01:35:44 UTC
36,Davis Pfeffer,2022-10-24 01:35:44 UTC,2022-10-24 01:35:44 UTC
37,Lorenzo Haag,2022-10-24 01:35:44 UTC,2022-10-24 01:35:44 UTC
38,Rep. Gaston Ritchie,2022-10-24 01:35:44 UTC,2022-10-24 01:35:44 UTC
39,Fransisca Wilkinson,2022-10-24 01:35:44 UTC,2022-10-24 01:35:44 UTC
40,Joanna Tillman,2022-10-24 01:35:44 UTC,2022-10-24 01:35:44 UTC
41,Valrie Murray I,2022-10-24 01:35:44 UTC,2022-10-24 01:35:44 UTC
42,Royal Cassin,2022-10-24 01:35:44 UTC,2022-10-24 01:35:44 UTC
43,Mrs. Norman Hayes,2022-10-24 01:35:44 UTC,2022-10-24 01:35:44 UTC
44,Pamella Hahn,2022-10-24 01:35:44 UTC,2022-10-24 01:35:44 UTC
45,Tyree Heaney,2022-10-24 01:35:44 UTC,2022-10-24 01:35:44 UTC
46,Bernardo Reichel,2022-10-24 01:35:45 UTC,2022-10-24 01:35:45 UTC
47,Bennett Hane,2022-10-24 01:35:45 UTC,2022-10-24 01:35:45 UTC
48,Mervin Hegmann,2022-10-24 01:35:45 UTC,2022-10-24 01:35:45 UTC
49,Fae Nolan,2022-10-24 01:35:45 UTC,2022-10-24 01:35:45 UTC
50,Norene Hintz,2022-10-24 01:35:45 UTC,2022-10-24 01:35:45 UTC
51,Lonny Harvey,2022-10-24 01:35:45 UTC,2022-10-24 01:35:45 UTC
52,Alfonso Kris,2022-10-24 01:35:45 UTC,2022-10-24 01:35:45 UTC
53,Delois Williamson,2022-10-24 01:35:45 UTC,2022-10-24 01:35:45 UTC
54,Odelia Barton,2022-10-24 01:35:45 UTC,2022-10-24 01:35:45 UTC
55,Dorris Schamberger,2022-10-24 01:35:45 UTC,2022-10-24 01:35:45 UTC
56,Guadalupe Nikolaus,2022-10-24 01:35:45 UTC,2022-10-24 01:35:45 UTC
57,Rodger Frami,2022-10-24 01:35:45 UTC,2022-10-24 01:35:45 UTC
58,Elois Littel,2022-10-24 01:35:45 UTC,2022-10-24 01:35:45 UTC
59,Cary Paucek,2022-10-24 01:35:45 UTC,2022-10-24 01:35:45 UTC
60,Morton Hammes,2022-10-24 01:35:45 UTC,2022-10-24 01:35:45 UTC
61,Marcellus Erdman Jr.,2022-10-24 01:35:45 UTC,2022-10-24 01:35:45 UTC
62,Sen. Maud Becker,2022-10-24 01:35:45 UTC,2022-10-24 01:35:45 UTC
63,Hershel Ortiz,2022-10-24 01:35:45 UTC,2022-10-24 01:35:45 UTC
64,Vi Parisian MD,2022-10-24 01:35:45 UTC,2022-10-24 01:35:45 UTC
65,Gerald Gutmann,2022-10-24 01:35:45 UTC,2022-10-24 01:35:45 UTC
66,Leon West,2022-10-24 01:35:45 UTC,2022-10-24 01:35:45 UTC
67,Jamaal Jacobson,2022-10-24 01:35:45 UTC,2022-10-24 01:35:45 UTC
68,Dewitt Homenick,2022-10-24 01:35:45 UTC,2022-10-24 01:35:45 UTC
69,Loris Effertz Jr.,2022-10-24 01:35:45 UTC,2022-10-24 01:35:45 UTC
70,Abraham Emmerich,2022-10-24 01:35:45 UTC,2022-10-24 01:35:45 UTC
71,Norbert Robel,2022-10-24 01:35:45 UTC,2022-10-24 01:35:45 UTC
72,Juan Funk,2022-10-24 01:35:45 UTC,2022-10-24 01:35:45 UTC
73,Fransisca Kuhic,2022-10-24 01:35:45 UTC,2022-10-24 01:35:45 UTC
74,Julianne Goodwin Jr.,2022-10-24 01:35:45 UTC,2022-10-24 01:35:45 UTC
75,Graham Kuvalis Jr.,2022-10-24 01:35:45 UTC,2022-10-24 01:35:45 UTC
76,Lavada Wilkinson,2022-10-24 01:35:45 UTC,2022-10-24 01:35:45 UTC
77,Kristofer Mitchell,2022-10-24 01:35:45 UTC,2022-10-24 01:35:45 UTC
78,Kirstin Labadie,2022-10-24 01:35:45 UTC,2022-10-24 01:35:45 UTC
79,Palmer Koepp,2022-10-24 01:35:45 UTC,2022-10-24 01:35:45 UTC
80,Irene Moore III,2022-10-24 01:35:45 UTC,2022-10-24 01:35:45 UTC
81,Wilton Kozey PhD,2022-10-24 01:35:45 UTC,2022-10-24 01:35:45 UTC
82,Lyman Pfeffer CPA,2022-10-24 01:35:45 UTC,2022-10-24 01:35:45 UTC
83,Danilo Schulist,2022-10-24 01:35:45 UTC,2022-10-24 01:35:45 UTC
84,Lindsy Bernhard,2022-10-24 01:35:45 UTC,2022-10-24 01:35:45 UTC
85,Pres. Tessie Borer,2022-10-24 01:35:45 UTC,2022-10-24 01:35:45 UTC
86,Gus Langworth,2022-10-24 01:35:45 UTC,2022-10-24 01:35:45 UTC
87,Malcolm Dietrich,2022-10-24 01:35:45 UTC,2022-10-24 01:35:45 UTC
88,Bo Ernser V,2022-10-24 01:35:45 UTC,2022-10-24 01:35:45 UTC
89,Cinda McGlynn,2022-10-24 01:35:45 UTC,2022-10-24 01:35:45 UTC
90,Garfield Stracke,2022-10-24 01:35:45 UTC,2022-10-24 01:35:45 UTC
91,Ricky Douglas,2022-10-24 01:35:45 UTC,2022-10-24 01:35:45 UTC
92,David Koelpin,2022-10-24 01:35:45 UTC,2022-10-24 01:35:45 UTC
93,Jc Satterfield,2022-10-24 01:35:45 UTC,2022-10-24 01:35:45 UTC
94,Rev. Bettina Weissnat,2022-10-24 01:35:45 UTC,2022-10-24 01:35:45 UTC
95,Ms. Jessie Kertzmann,2022-10-24 01:35:45 UTC,2022-10-24 01:35:45 UTC
96,Amee Schamberger,2022-10-24 01:35:45 UTC,2022-10-24 01:35:45 UTC
97,Shenika Hammes,2022-10-24 01:35:45 UTC,2022-10-24 01:35:45 UTC
98,Fr. John Grady,2022-10-24 01:35:45 UTC,2022-10-24 01:35:45 UTC
99,Delinda Stanton,2022-10-24 01:35:45 UTC,2022-10-24 01:35:45 UTC
100,Elsy Hessel,2022-10-24 01:35:45 UTC,2022-10-24 01:35:45 UTC
